{
    "foo": 14.072661401022703,
    "bar": 14.172460415052898,
    "step": 14
}