{
    "foo": 10.176229425662159,
    "bar": 10.289805206504818,
    "step": 10
}