step	bar
0	0.7519962927838582
1	1.090535893248259
2	2.6032666428083298
3	3.286095943307573
4	4.869743695287648
5	5.000407783027715
6	6.3920220736463405
7	7.144418268589906
8	8.624981062906151
9	9.699244326041724
10	10.289805206504818
