step	bar
0	0.8380576729059108
1	1.095610759993464
2	2.4388531309514114
3	3.2058126998606706
4	4.934364698608821
5	5.837472094850524
6	6.495556656232515
7	7.343241229784846
8	8.872947850467707
9	9.162371570717466
10	10.052407637195273
11	11.63853559695484
12	12.682265690592535
13	13.468465560901572
14	14.172460415052898
