step	foo
0	0.5248922670704812
1	1.7629461745233068
2	2.3304320841619712
3	3.3631024320596965
4	4.9668779435228565
5	5.076603226301734
6	6.829930203847169
7	7.189017426851924
8	8.594123505393583
9	9.945019651908487
10	10.499114413564612
11	11.069602770267089
12	12.938930401102278
13	13.922938858048644
14	14.072661401022703
