step	foo
0	0.3075167453053378
1	1.5595902913399255
2	2.3257814487801944
3	3.1974905316380595
4	4.0794037125757105
5	5.158285527818209
6	6.34069417729083
7	7.377062266938008
8	8.805574890671414
9	9.397537294404577
10	10.176229425662159
